epoch,avg_return,entropic,sharpe,markowitz
1,4.086233615875244,8.638506889343262,0.40867456793785095,149.7213592529297
2,2.759748935699463,6.409985065460205,0.30940869450569153,119.63443756103516
